{"cameraMode":{"drawMode":0,"name":"Shaded","section":"Shading Mode"},"sceneLighting":true,"audioPlay":false,"sceneViewState":{"m_AlwaysRefresh":false,"showFog":true,"showSkybox":true,"showFlares":true,"showImageEffects":true,"showParticleSystems":true,"showVisualEffectGraphs":true,"m_FxEnabled":true},"in2DMode":false,"pivot":{"x":15.745241165161133,"y":3.527904510498047,"z":-75.37954711914063},"rotation":{"x":0.0001481226208852604,"y":0.9976893067359924,"z":0.038751695305109027,"w":0.07328256964683533},"size":62.143306732177737,"orthographic":false}